UUID,Wallet Address,Error
8138df31-47e1-455a-b59b-aafc44e9a9c1,,
7a7fdb6b-4e8c-479e-a197-1bb5bf7b4ef9,,
75fca6cb-f8cc-42e4-86a9-47cc78475876,,
275c715c-0fc4-42b6-bed9-424214c51bd1,,
4e9db003-da84-466e-a951-c4c8973dfda9,,
c4976b19-67be-47eb-b102-fbbd59ce0174,,
43340ff6-fef6-4139-8ac6-339a3a1b4fdb,,
87d90e86-1bb3-4423-b4ce-86734ed6cfcc,,
28db4c4d-7008-4634-8348-b889c7c99bba,,
1ecc0643-df41-406d-a1b9-d7e7ccd54362,,
d509e0ff-ce26-4252-9f0f-6c87f2ff238c,,
28972b84-80d3-4348-84ac-9652286de289,,
d3d33a70-54e8-496a-8477-e384f1d9898f,,
69666ec2-92c2-4aab-a511-414777c0bc06,,
132d434c-1f2a-48a0-b31f-83673f1d46f9,,
a5496553-3763-4182-ae94-d71634d99108,,
9cd52c4e-cad0-41d1-963d-429da8ff62f4,,
b596a0fa-926a-416b-830d-0f95900c5278,,
2114235f-3ab5-4365-883c-bc3e3aab2d05,,
f17827fa-1c70-4e50-9025-ba5b543bd483,,
06b63848-a36b-480d-89dc-91e47826a5a1,,
d2956931-fb32-4afb-a55a-1f688f49979e,,
a7434eb5-f1e4-445f-a236-e79e05ad6dc1,,
0d1ce31c-a28b-4f98-8b4d-22e8c9b0c6b9,,
c8b4e685-4ced-41fa-a437-e5db828fb6a3,,
ca8ad794-05a1-4c06-a9fb-6388b5d6284a,,
47f832dc-466a-4b25-b404-d3fb56ed2b57,,
c0cd6044-9c2b-4653-9b4e-33d90440b8a5,,
e967cc90-e63a-4871-bf97-abc499e9895a,,
2440067e-8852-4ace-a804-f125bad3fe89,,
b3d14fdf-985f-4713-b074-3c8e654b1214,,
a9b47b93-57f2-4156-8e43-385b06179a11,,
81736eea-a56c-4058-bec5-3fd2063bbfae,,
46b31d57-2e41-434d-bbb9-34070c4debbb,,
3424548f-61c3-44df-90a4-b384cd305fe6,,
11bc4007-4fa6-49ea-b814-e9ea0c1aae33,,
7a1ec996-3991-4043-8c65-74b1721dabc2,,
fa5bce09-9522-41bd-bac9-4ae09b2fa994,,
c38f087b-82c2-44d4-946e-826acea1940c,,
7cb74456-362a-4d4b-8f07-3c7ecb37aec6,,
cfe73b97-cbab-4ff9-ab42-d46e6a937b27,,
af114ea5-ba12-49ab-9adf-6709b61b2626,,
88d033fe-875b-4ba3-afe5-18ecf50dd6b6,,
79140987-c3ba-4c79-a567-6a84607d1a7a,,
9743c845-3c88-4163-b0ee-711d7fc4b994,,
c95f99f3-d9c0-4a87-ba0c-27e6a3b2f8c8,,
9aa3beb1-202e-4c9d-9493-c1dc73c2e4df,,
6db669d0-03ba-4f60-9d02-a12780f9c1a1,,
7b2d24b3-8070-4c6b-8450-4a0428083c6d,,
7eac0e17-41db-4553-9f32-20e01129f811,,
d18cb7bb-0eb2-4761-98e3-19bc7faa60c7,,
469f4be1-9cda-48bb-b64d-0fb85a07602a,,
f327c982-8c25-46f6-aaee-fbe5c597be91,,
2465b21f-0d6b-4a2a-9869-93aafa1ed8db,,
843b6384-02bf-48db-af50-f03ac3153e18,,
6b06deb2-76c9-43c9-a93d-4e3251761dd3,,
2ca623eb-1b64-4a73-a995-d787106854e1,,
97a73f05-95a5-4203-b3c5-6e94f90ad201,,
060f5d38-6fb2-4b8e-9f02-4f4cfa0e7a0b,,
93918860-b02b-47dc-944b-4065049dc12a,,
def30566-bd8b-4c8f-8d0b-5fa318db1b23,,
00da1ca2-735c-468c-973b-79032082a737,,
21eb7cd3-50ef-4dbf-807f-9800836a3c96,,
2ce12dc5-dd25-4063-890c-cf6f83a22619,,
7158dcf4-0351-4066-9461-0e880c7f48d7,,
bd9d2b22-1b5b-43d3-b559-c53cbf1b7891,,
d85e06e9-78b2-46ef-bc3d-43f366374b1a,,
904abbc4-7022-407c-b226-7e1242bdaf4b,,
6b1c33d2-7888-4b0f-9ebd-b555b014d68f,,
4eb4b8b1-90dc-4af2-bbd7-94a64583a633,,
d6c5e0ca-a1b7-45b8-aae9-2641ad01e981,,
b99b0f1c-81ef-49b3-8632-09cc1bef9338,,
88c24a36-3ecf-4c1a-bce9-cc3301c6e3b2,,
b50815d8-3034-40ca-80e4-ab5d68729031,,
1bce83b7-59e4-4ff1-be07-fbf70fcc73fa,,
9cdb70ac-6171-4f33-b6e5-5ac222a40030,,
8140ea9c-67c2-494a-9d21-903b48e616f9,,
104750c6-3b36-4d7f-b472-a0fa4fc9b6d4,,
3ae2a99e-42b5-4e8e-a5e1-c3aa5ccfa1f5,,
09831c6f-9ddb-4efe-a55b-f33a4286032b,,
af5dad24-5da0-4cb3-a5a8-f2c2ff3979dd,,
e2681845-0c6a-410a-a520-3deed922ab1e,,
e3a6eb4f-6990-408d-a268-4008ed6276d9,,
89622b99-4536-4579-be8d-a5a09eca2504,,
75eb56f9-ab8d-4abf-a8fe-730de6ae8513,,
60a669c0-0e9d-4cf9-892e-1402f1a8c946,,
dc373d64-a04f-4a09-ae6f-1af227502123,,
201af52b-50a1-4d68-ac6c-a52f4592aacd,,
a5f00b2c-41ef-4534-a539-9f9b6255d696,,
b1998e50-347b-4004-8acc-47e6a957badb,,
e2584ef1-4338-448a-ab64-bddd58f46184,,
8d518c11-44de-4fc0-8a01-e67712f27d6d,,
3739a61a-0f72-4fdd-ac89-058f6873cbcd,,
971fbd97-cfab-4b5d-8387-dfbf30b703e5,,
9cbc19ae-678d-49bd-8b2a-a8e00ca4f48e,,
b9de4a74-f670-46d6-9102-5ebf8a9812bf,,
0fadbbb5-ab6b-4351-9475-8c55cf1cd4c0,,
76c5de45-0629-4fc1-98db-32c411605ee2,,
a9e9b929-c009-4abd-a418-e1764f5e88a7,,
4d4dc4b7-11fb-4e64-a47d-191de4c36231,,
47c21213-355b-4dbf-8528-940550933456,,
af9cf455-df6b-4c9e-a07c-de82537a5b16,,
0cbc63c9-99bc-484f-97de-8913a4aee4e3,,
6ad995a6-5e73-434a-a13d-c90f0cc1f83c,,
33645bcb-04f2-4a30-bae3-5783bb6e82e6,,
7292a63d-8777-45ec-a4d4-6fb7fac098ba,,
81c20d2a-1443-44f2-a73c-cea910e35921,,
600e431c-13be-4be8-b091-0c9aebb14232,,
1debfbd6-fdb9-47ad-9b04-3abcda0c2534,,
48fea50e-137b-496c-a469-5153d705d261,,
abe9e916-142a-40c2-9e6d-c4a8cc396e8d,,
acc8ed5a-387d-4e61-a492-a75203b51c5f,,
fdff6c9f-7471-4116-85ac-d22ba3e5cbfd,,
54285b06-3e47-4f35-b237-8d5776ff4446,,
e16b0a2f-018b-474a-a0e8-85bb87c6d7eb,,
c3daa251-f26d-42bd-b6d3-b375d62f1373,,
fdeeb32b-4df0-452b-a5b7-1f6ce04f3d52,,
76933a91-0c83-4a32-a5ac-e1166a4e3280,,
2bf542ca-f1a8-446b-9a89-d5d9472560e5,,
a84bef47-b774-4438-b3b1-8537df9af9fd,,
dc5b03d6-fbb2-4f35-9ca2-705673f571c1,,
00dcfc91-90d6-4f60-a089-0bfead4cfa7d,,
53407e21-8a07-4ccf-80d4-a0ef868e42b6,,
78594899-d0cf-4364-b7a4-0f2218fd4ef0,,
9b60c613-065d-4206-b1bf-2dfff2d8b008,,
d9ab476b-2364-45c8-815d-c980c51fef06,,
92f137e3-2f7c-48ab-b80f-d146935103c6,,
7229ca50-f4ad-41c5-aafc-fb06f01fca49,,
6f270cd2-b755-45cd-bbf1-661cd1bbb87f,,
ac076cbc-44df-4a4b-aa31-96fbd265a3e1,,
2b94da87-fb2a-4d6d-9a12-f3f77dd4aa95,,
558513ea-9d74-4467-8ff2-d2c03145c3ef,,
61a5d1e2-c488-46e0-9ab5-28169e8c66ea,,
e345435b-de87-4414-8b75-867ac05d4557,,
4c168113-f308-42d9-b391-59d0a53520df,,
f7c8db55-b7c0-41c2-861d-c63f37a69b39,,
b6774c5a-ace0-47b2-808e-90b8bd52c815,,
8d390bbf-acec-4528-8906-ded1ee4c44e0,,
094e633f-e47f-4e3d-9e3b-f4d347b72fb5,,
de07c96d-39ea-4181-bae4-4908364bf0b3,,
61f0d5a7-e504-42a2-892b-4a9e10604c60,,
c4176afc-27b5-4538-aba8-75bc346af5ad,,
4b766a20-694f-4e6e-b577-a8ead0157ce6,,
af0f4215-3b11-4e49-9000-cfb360a5e87f,,
bbd1981b-5b61-4dd0-9180-59ed50e14d0a,,
07a4cac5-3142-4e12-b9d4-233ac01edf83,,
9ac45548-9bf4-49c2-9922-eeb6230a086a,,
28f27275-3871-4550-9a29-36f010f5729a,,
acb32fd6-534c-4896-a9c7-f318e9648410,,
5f2096ba-3160-491d-a8fd-823683dd4a49,,
d495f616-818b-4446-8cb5-fcf6bca27b1f,,
b5054826-6c99-4e69-bb4f-30142e422f8b,,
26ad28f3-e692-469d-a953-63b1f097501b,,
7e659d55-c28f-40ba-944f-098270105b65,,
85fbb929-1cec-4f68-bf99-a992712ef3c7,,
73d98af3-3fa4-4b7f-aeb8-1a560c5718d6,,
137bae96-3f69-4d2d-b2ea-af3abfe597b3,,
ce9b127e-9696-4316-b67e-ac5b11fbba3a,,
dc3bd122-413f-4d4a-bd27-631ec42536f6,,
e60c7beb-d6d2-4553-8b71-a8d85c9577ba,,
3ccde8ee-e6da-4280-86ec-9f5872057a80,,
e24934e6-f9bc-4941-b3be-db3c2c033137,,
9402a27b-0e34-486c-9518-80e637dfba8b,,
a160104b-118c-4ec8-ba34-7e72465b9ad8,,
986c8581-7bcb-4736-af63-12a9807e84e7,,
37b87ed7-3975-4f41-b7a7-cf742d5a9fde,,
00c2d719-6b06-4db7-9895-2b69afe2af26,,
fb52cfcb-4ad1-4eb0-a028-c86d46e994e8,,
4990ce59-bcb2-447c-bed9-773f04ee13f1,,
7f2614cf-6041-4a7c-a8cb-b2639fe22b30,,
673e88a6-5ef4-4afd-9d81-15cb1d49e822,,
2e9077c4-8ca3-4464-ab8a-4dba3635911c,,
7e86e635-c76d-4821-8821-0c953f8f1ead,,
3d89f86c-1b64-4ed2-ad73-89388dd4efb6,,
97d10d82-7023-4169-a1a3-59bb48712bd0,,
f883a5a1-7d35-49fd-bcdf-e620722065b1,,
9c6e3d8b-98ff-4599-a7ad-60ab196e0896,,
56f299f6-e132-4a7a-88a1-38e6475b79a3,,
0375ad7d-e30f-4b13-a10b-7e064a70c433,,
97905883-61cb-46db-bbaa-883a22d41838,,
b04a6b0b-0dda-405a-aa8e-259478a302f7,,
aff0c76d-090d-42c1-9914-a80b1b33712c,,
